{
	"pages": [ //pages数组中第一项表示应用启动页，参考：https://uniapp.dcloud.io/collocation/pages
		{
		    "path" : "pages/index/index",
		    "style" : {}
		},
		{
			"path": "pages/detail/index",
			"style": {
				"navigationBarTitleText": "uniapp-z-audio"
			}
		}
	    
    ],
	"globalStyle": {
		"navigationBarTextStyle": "black",
		"navigationBarTitleText": "uniapp-z-audio",
		"navigationBarBackgroundColor": "#F8F8F8",
		"backgroundColor": "#F8F8F8"
	}
}
